"gender","total_score_variance"
0,1899.5038274623223
1,1685.4199695253171
