"current_total_revenue","new_total_revenue","projected_increase"
322966.7739999997,329118.4966000001,6151.722600000387
