"gender","perecent_contribution","total_revenue","full_total_revenue"
Female,51.98149051703999,167882.943,322966.7740000001
Male,48.01850948296001,155083.8310000001,322966.7740000001
