"branch","num_high_value_transactions","high_val_percent","high_value_revenue"
C,80,36.40941663364087,58092.91399999998
B,76,33.11811907746389,52841.496000000014
A,71,30.472464288895246,48620.231000000014
