"branch","total_branch_rev","avg_transaction","revenue_rank"
C,110568.72150000003,337.09976067073177,1
A,106200.37600000002,312.3540470588236,2
B,106197.67650000002,319.8725195783133,3
