"city","branch","branch_contribution_percent","total_branch_rev","total_revenue_all_branches"
Naypyitaw,C,34.23532400270995,110568.72150000003,322966.77400000003
Yangon,A,32.88275592089234,106200.37600000002,322966.77400000003
Mandalay,B,32.881920076397705,106197.67650000002,322966.77400000003
