"city","avg_transaction","revenue","revenue_rank"
Naypyitaw,337.09976067073177,110568.72150000003,1
Yangon,312.3540470588236,106200.37600000002,2
Mandalay,319.8725195783133,106197.67650000002,3
