"customer_type","avg_spending","total_rev","transaction_count"
Member,327.79133632734516,164223.45949999994,501
Normal,318.1228747494989,158743.31449999995,499
